{"cameraMode":{"drawMode":0,"name":"Shaded","section":"Shading Mode"},"sceneLighting":true,"audioPlay":false,"sceneViewState":{"showFog":true,"showMaterialUpdate":false,"showSkybox":true,"showFlares":true,"showImageEffects":true,"showParticleSystems":true},"in2DMode":false,"pivot":{"x":1096.4747314453125,"y":467.4937744140625,"z":-25.306053161621095},"rotation":{"x":0.16748370230197907,"y":-0.016765961423516275,"z":0.0028699866961687805,"w":0.9857311844825745},"size":108.91170501708985,"orthographic":false}